{
  "project_info": {
    "project_number": "38281474600",
    "firebase_url": "https://fbdatastorage.firebaseio.com",
    "project_id": "fbdatastorage",
    "storage_bucket": "fbdatastorage.appspot.com"
  },
  "client": [
    {
      "client_info": {
        "mobilesdk_app_id": "1:38281474600:android:03d999e97c9825be",
        "android_client_info": {
          "package_name": "com.example.user1.fbdatastorage"
        }
      },
      "oauth_client": [
        {
          "client_id": "38281474600-3vpjcdaa1vdollo0vmvto4m53g8m6vmp.apps.googleusercontent.com",
          "client_type": 1,
          "android_info": {
            "package_name": "com.example.user1.fbdatastorage",
            "certificate_hash": "997a763fda96d26f13bf89ce21a9a2514dbafe25"
          }
        },
        {
          "client_id": "38281474600-pou75q428fff0o9vbjcq7ftsjkascsi4.apps.googleusercontent.com",
          "client_type": 3
        }
      ],
      "api_key": [
        {
          "current_key": "AIzaSyCdlQ6LmU9uf_wjfGQrOydQcc6p3tBsml0"
        }
      ],
      "services": {
        "analytics_service": {
          "status": 1
        },
        "appinvite_service": {
          "status": 2,
          "other_platform_oauth_client": [
            {
              "client_id": "38281474600-pou75q428fff0o9vbjcq7ftsjkascsi4.apps.googleusercontent.com",
              "client_type": 3
            }
          ]
        },
        "ads_service": {
          "status": 2
        }
      }
    }
  ],
  "configuration_version": "1"
}